{"cameraMode":{"drawMode":0,"name":"Shaded","section":"Shading Mode"},"sceneLighting":true,"audioPlay":false,"sceneViewState":{"m_AlwaysRefresh":false,"showFog":true,"showSkybox":true,"showFlares":true,"showImageEffects":true,"showParticleSystems":true,"showVisualEffectGraphs":true,"m_FxEnabled":true},"in2DMode":false,"pivot":{"x":0.8999999761581421,"y":-0.5793626308441162,"z":-12.729999542236329},"rotation":{"x":0.05665653198957443,"y":-0.011383330449461937,"z":-0.0006454371032305062,"w":-0.9983280897140503},"size":33.43756103515625,"orthographic":false}