{"cameraMode":{"drawMode":0,"name":"Shaded","section":"Shading Mode"},"sceneLighting":true,"audioPlay":false,"sceneViewState":{"m_AlwaysRefresh":false,"showFog":true,"showSkybox":true,"showFlares":true,"showImageEffects":true,"showParticleSystems":true,"showVisualEffectGraphs":true,"m_FxEnabled":true},"in2DMode":false,"pivot":{"x":681.503173828125,"y":202.5985565185547,"z":186.09652709960938},"rotation":{"x":0.05515919253230095,"y":-0.0009050064254552126,"z":-0.000003457849970800453,"w":-0.9984122514724731},"size":153.0668487548828,"orthographic":false}