{"cameraMode":{"drawMode":0,"name":"Shaded","section":"Shading Mode"},"sceneLighting":true,"audioPlay":false,"sceneViewState":{"m_AlwaysRefresh":false,"showFog":true,"showSkybox":true,"showFlares":true,"showImageEffects":true,"showParticleSystems":true,"showVisualEffectGraphs":true,"m_FxEnabled":true},"in2DMode":false,"pivot":{"x":0.9893383383750916,"y":12.912384033203125,"z":-15.343133926391602},"rotation":{"x":-0.027880338951945306,"y":0.019485285505652429,"z":0.0005755392485298216,"w":0.99940025806427},"size":19.35282325744629,"orthographic":false}