{"cameraMode":{"drawMode":0,"name":"Shaded","section":"Shading Mode"},"sceneLighting":true,"audioPlay":false,"sceneViewState":{"m_AlwaysRefresh":false,"showFog":true,"showSkybox":true,"showFlares":true,"showImageEffects":true,"showParticleSystems":true,"showVisualEffectGraphs":true,"m_FxEnabled":true},"in2DMode":false,"pivot":{"x":11.220867156982422,"y":2.0526747703552248,"z":1.643567681312561},"rotation":{"x":-0.10767513513565064,"y":-0.24434076249599458,"z":0.027297988533973695,"w":-0.9633252620697022},"size":14.983438491821289,"orthographic":false}