{"cameraMode":{"drawMode":0,"name":"Shaded","section":"Shading Mode"},"sceneLighting":true,"audioPlay":false,"sceneViewState":{"m_AlwaysRefresh":false,"showFog":true,"showSkybox":true,"showFlares":true,"showImageEffects":true,"showParticleSystems":true,"showVisualEffectGraphs":true,"m_FxEnabled":true},"in2DMode":false,"pivot":{"x":4.820189952850342,"y":9.98468017578125,"z":-10.328792572021485},"rotation":{"x":-0.057278797030448917,"y":0.0005954435328021646,"z":-0.00004754240217152983,"w":-0.9983759522438049},"size":19.402698516845704,"orthographic":false}