{"cameraMode":{"drawMode":0,"name":"Shaded","section":"Shading Mode"},"sceneLighting":true,"audioPlay":false,"sceneViewState":{"m_AlwaysRefresh":false,"showFog":true,"showSkybox":true,"showFlares":true,"showImageEffects":true,"showParticleSystems":true,"showVisualEffectGraphs":true,"m_FxEnabled":true},"in2DMode":false,"pivot":{"x":-0.38726258277893069,"y":-3.7136497497558595,"z":-8.412637710571289},"rotation":{"x":-0.08484657853841782,"y":-0.1405944973230362,"z":0.012084444053471089,"w":-0.9863430857658386},"size":12.898967742919922,"orthographic":false}