{"cameraMode":{"drawMode":0,"name":"Shaded","section":"Shading Mode"},"sceneLighting":true,"audioPlay":false,"sceneViewState":{"m_AlwaysRefresh":false,"showFog":true,"showSkybox":true,"showFlares":true,"showImageEffects":true,"showParticleSystems":true,"showVisualEffectGraphs":true,"m_FxEnabled":true},"in2DMode":false,"pivot":{"x":7.4103288650512699,"y":-18.199893951416017,"z":-13.899989128112793},"rotation":{"x":-0.17923296988010407,"y":0.033046454191207889,"z":-0.006024167872965336,"w":-0.9832338690757752},"size":24.239721298217775,"orthographic":false}