{"cameraMode":{"drawMode":0,"name":"Shaded","section":"Shading Mode"},"sceneLighting":true,"audioPlay":false,"sceneViewState":{"m_AlwaysRefresh":false,"showFog":true,"showSkybox":true,"showFlares":true,"showImageEffects":true,"showParticleSystems":true,"showVisualEffectGraphs":true,"m_FxEnabled":true},"in2DMode":false,"pivot":{"x":0.7946590185165405,"y":7.7720441818237309,"z":-13.487621307373047},"rotation":{"x":-0.007807405199855566,"y":-0.02190088853240013,"z":0.00016091405996121466,"w":-0.9997462630271912},"size":15.136988639831543,"orthographic":false}